,added_at,album_name,track_number,artists,name,popularity,track_id,danceability,energy,key,loudness,mode,speechiness,acousticness,instrumentalness,liveness,valence,tempo,type,id,uri,track_href,analysis_url,duration_ms,time_signature,playlist_name
0,2021-03-13T15:01:00Z,NU,1,"[['Djonga', '204IwDdaHE4ymGk9Kya2pY'], ['Nagalli', '6TPJK8tv3AKKSsw0lENTQk'], ['Coyote Beatz', '2PhFsxtwCQLS3e9SJwDN3j']]",Nós,67,1yHEBmkI2j3lhlVLU8yuTl,0.705,0.816,10,-5.195,0,0.538,0.0969,0.0,0.0822,0.583,86.77,audio_features,1yHEBmkI2j3lhlVLU8yuTl,spotify:track:1yHEBmkI2j3lhlVLU8yuTl,https://api.spotify.com/v1/tracks/1yHEBmkI2j3lhlVLU8yuTl,https://api.spotify.com/v1/audio-analysis/1yHEBmkI2j3lhlVLU8yuTl,193800,4,RAPública
1,2021-03-13T15:01:00Z,Mds,1,"[['Kawe', '1TYJOhNSxMOODWiDVhuyZb'], ['Mc Lele JP', '1mV9h1AwhRXSjBFcYpajgY']]",Mds,84,0QglpM23kl9ldvVdoYNZwF,0.885,0.561,6,-5.331,1,0.249,0.261,0.0,0.121,0.644,140.02,audio_features,0QglpM23kl9ldvVdoYNZwF,spotify:track:0QglpM23kl9ldvVdoYNZwF,https://api.spotify.com/v1/tracks/0QglpM23kl9ldvVdoYNZwF,https://api.spotify.com/v1/audio-analysis/0QglpM23kl9ldvVdoYNZwF,125143,4,RAPública
2,2021-03-13T15:01:00Z,Para todas as mulheres que já rimei,1,"[['BIN', '1WXbiUMl1AT9Inb619xPUg'], ['Borges', '6jBww4kwlSrjaNYP7AQPtX'], ['L7NNON', '0JjPiLQNgAFaEkwoy56B1C'], ['Ajaxx', '0y7B2G0jNMGWyQJsOoRMUt']]",Quase uma Semana,73,4a5YIaK7qFu6T63GeYx1Ih,0.814,0.768,1,-5.703,0,0.078,0.104,0.0,0.0646,0.8,122.058,audio_features,4a5YIaK7qFu6T63GeYx1Ih,spotify:track:4a5YIaK7qFu6T63GeYx1Ih,https://api.spotify.com/v1/tracks/4a5YIaK7qFu6T63GeYx1Ih,https://api.spotify.com/v1/audio-analysis/4a5YIaK7qFu6T63GeYx1Ih,259672,4,RAPública
3,2021-03-13T15:01:00Z,Nada é pra sempre,1,"[['L7NNON', '0JjPiLQNgAFaEkwoy56B1C']]",Nada é pra sempre,62,4snS270Q8UbYfyVIO0YZ4g,0.721,0.482,0,-10.247,1,0.0768,0.192,0.0,0.0537,0.37,95.055,audio_features,4snS270Q8UbYfyVIO0YZ4g,spotify:track:4snS270Q8UbYfyVIO0YZ4g,https://api.spotify.com/v1/tracks/4snS270Q8UbYfyVIO0YZ4g,https://api.spotify.com/v1/audio-analysis/4snS270Q8UbYfyVIO0YZ4g,229928,4,RAPública
4,2021-03-13T15:01:00Z,Lance Criminoso (feat. BK),1,"[['Papatinho', '0iZz25uH5PLaShpqq84uYv'], ['Xamã', '5YwzDz4RJfTiMHS4tdR5Lf'], ['MC Cabelinho', '1WQBwwssN6r8DSjUlkyUGW'], ['BK', '1YOVBTvznjiDvtAj4ExHeo']]",Lance Criminoso (feat. BK),65,2jZJ5d0KCiTP6de1NjyHPl,0.574,0.654,0,-6.696,0,0.478,0.27,0.0,0.115,0.694,81.336,audio_features,2jZJ5d0KCiTP6de1NjyHPl,spotify:track:2jZJ5d0KCiTP6de1NjyHPl,https://api.spotify.com/v1/tracks/2jZJ5d0KCiTP6de1NjyHPl,https://api.spotify.com/v1/audio-analysis/2jZJ5d0KCiTP6de1NjyHPl,234098,5,RAPública
5,2021-03-13T15:01:00Z,Poesia Acústica 10: Recomeçar,1,"[['Pineapple StormTv', '09U6hmCerKcIJrixubiBjm'], ['MC Cabelinho', '1WQBwwssN6r8DSjUlkyUGW'], ['Orochi', '3rfM2cGqF6DB0kUyytMkXx'], ['JayA Luuck', '4oxFgud0qa3A1tE6JFpFVp'], ['Pk', '5xYkM2vMrE23taj6tl7qkm'], ['Black', '2UzbrOSDiSjcLFN8wZ4bz2'], ['Delacruz', '1MzXJ8AaHdidMAnjgcahS4'], ['BK', '1YOVBTvznjiDvtAj4ExHeo'], ['Ludmilla', '3CDoRporvSjdzTrm99a3gi'], ['Salve Malak', '7zxFc10N9BP2lg73b8cwZ0']]",Poesia Acústica 10: Recomeçar,73,4pwFy4YPNGMxK2P2FfQfvt,0.739,0.636,8,-5.975,1,0.0737,0.257,0.0,0.175,0.442,142.055,audio_features,4pwFy4YPNGMxK2P2FfQfvt,spotify:track:4pwFy4YPNGMxK2P2FfQfvt,https://api.spotify.com/v1/tracks/4pwFy4YPNGMxK2P2FfQfvt,https://api.spotify.com/v1/audio-analysis/4pwFy4YPNGMxK2P2FfQfvt,682817,4,RAPública
6,2021-03-13T15:01:00Z,Máquina do Tempo,5,"[['Matuê', '5nP8x4uEFjAAmDzwOEc9b8']]",777-666,75,3sGcETRMuAgcPgjDpIkgMn,0.544,0.802,10,-4.534,0,0.326,0.0534,0.0,0.139,0.322,179.924,audio_features,3sGcETRMuAgcPgjDpIkgMn,spotify:track:3sGcETRMuAgcPgjDpIkgMn,https://api.spotify.com/v1/tracks/3sGcETRMuAgcPgjDpIkgMn,https://api.spotify.com/v1/audio-analysis/3sGcETRMuAgcPgjDpIkgMn,164000,4,RAPública
7,2021-03-13T15:01:00Z,Oclin e Evoque,1,"[['Tropa do Bruxo', '4s3lxX76LwxzMdQEAFYdzv'], ['Djonga', '204IwDdaHE4ymGk9Kya2pY'], ['MC Rick', '1mvpEXClANunyiHFtAXCxt'], ['Sidoka', '7EyzyrMNgqiK8bMrbkOT9l']]",Oclin e Evoque,67,3PnDIGbfmswMaxX386zp3X,0.899,0.698,0,-4.788,1,0.076,0.00104,0.0,0.0715,0.457,105.018,audio_features,3PnDIGbfmswMaxX386zp3X,spotify:track:3PnDIGbfmswMaxX386zp3X,https://api.spotify.com/v1/tracks/3PnDIGbfmswMaxX386zp3X,https://api.spotify.com/v1/audio-analysis/3PnDIGbfmswMaxX386zp3X,212582,4,RAPública
8,2021-03-13T15:01:00Z,Chuck Berry,1,"[['Black Alien', '6aCbXH85qN6xo54C7atSMx']]",Chuck Berry,59,23fd5EB9vHXNxDQQxikpEF,0.886,0.63,1,-6.298,0,0.333,0.225,8.97e-05,0.089,0.836,88.092,audio_features,23fd5EB9vHXNxDQQxikpEF,spotify:track:23fd5EB9vHXNxDQQxikpEF,https://api.spotify.com/v1/tracks/23fd5EB9vHXNxDQQxikpEF,https://api.spotify.com/v1/audio-analysis/23fd5EB9vHXNxDQQxikpEF,170627,4,RAPública
9,2021-03-13T15:01:00Z,Praya,1,"[['JayA Luuck', '4oxFgud0qa3A1tE6JFpFVp'], ['Predella', '3lMQtpA4i6FrIe6DmDfDVa'], ['Pedro Lotto', '23ot0eI6ByBW6LrlBfr2bm'], ['Paiva Prod', '1T0F05F7TEo6QYr4vtGJdb'], ['White Monkey Recordings', '4aOhi7PfTjBW439bBhH0J4']]",Praya,60,5yXjOmgTVSE3zXP1B3WP4F,0.933,0.662,9,-8.096,0,0.0997,0.274,0.0,0.0845,0.872,122.062,audio_features,5yXjOmgTVSE3zXP1B3WP4F,spotify:track:5yXjOmgTVSE3zXP1B3WP4F,https://api.spotify.com/v1/tracks/5yXjOmgTVSE3zXP1B3WP4F,https://api.spotify.com/v1/audio-analysis/5yXjOmgTVSE3zXP1B3WP4F,165973,4,RAPública
10,2021-03-13T15:01:00Z,De 90 pra Cá,1,"[['Kawe', '1TYJOhNSxMOODWiDVhuyZb'], ['Dexter', '76IyGPd3y2mBZCljGcke0x'], ['Elenko Week', '7i5nEmcVfMqh6hm0wVadrw']]",De 90 pra Cá,63,4u47lJWoqhJi8zWkZ13l7L,0.729,0.683,11,-5.694,0,0.226,0.706,3.81e-05,0.14,0.736,107.72,audio_features,4u47lJWoqhJi8zWkZ13l7L,spotify:track:4u47lJWoqhJi8zWkZ13l7L,https://api.spotify.com/v1/tracks/4u47lJWoqhJi8zWkZ13l7L,https://api.spotify.com/v1/audio-analysis/4u47lJWoqhJi8zWkZ13l7L,217778,4,RAPública
11,2021-03-13T15:01:00Z,Campo Minado,1,"[['Cynthia Luz', '0QHGCPmM4UgeNvrNPntSlu'], ['Froid', '45Yz90pqjzEdJzpEQg1eII'], ['OG L', '6usXKXCK5gkyeZ18o3Fmg6']]",Campo Minado,56,19ZHABf7sgrzyfsHjjLALd,0.734,0.535,7,-7.673,0,0.117,0.252,0.0,0.146,0.314,119.072,audio_features,19ZHABf7sgrzyfsHjjLALd,spotify:track:19ZHABf7sgrzyfsHjjLALd,https://api.spotify.com/v1/tracks/19ZHABf7sgrzyfsHjjLALd,https://api.spotify.com/v1/audio-analysis/19ZHABf7sgrzyfsHjjLALd,140000,4,RAPública
12,2021-03-13T15:01:00Z,Sistema Obtuso,1,"[['Criolo', '37ZflmHTdxkSLQuT8w9NBs'], ['Tropkillaz', '5bzWtCkjIAMgN93gLt56SO']]",Sistema Obtuso,58,2IIWfrGNeZHvIoPeFXECRs,0.808,0.792,1,-3.39,1,0.268,0.294,0.0,0.124,0.348,138.041,audio_features,2IIWfrGNeZHvIoPeFXECRs,spotify:track:2IIWfrGNeZHvIoPeFXECRs,https://api.spotify.com/v1/tracks/2IIWfrGNeZHvIoPeFXECRs,https://api.spotify.com/v1/audio-analysis/2IIWfrGNeZHvIoPeFXECRs,199130,4,RAPública
13,2021-03-13T15:01:00Z,Jogador Caro,3,"[['Felp 22', '56IPf5d631ccKOTmo8RFHK']]",Linda e Doida,60,2YyXU2abqxPVHOLwHh82hw,0.519,0.674,8,-5.38,0,0.116,0.0346,1.45e-06,0.0984,0.882,110.64,audio_features,2YyXU2abqxPVHOLwHh82hw,spotify:track:2YyXU2abqxPVHOLwHh82hw,https://api.spotify.com/v1/tracks/2YyXU2abqxPVHOLwHh82hw,https://api.spotify.com/v1/audio-analysis/2YyXU2abqxPVHOLwHh82hw,187598,3,RAPública
14,2021-03-13T15:01:00Z,UAU!,1,"[['Costa Gold', '7q1aEytv83jXNECmyaMhgn'], ['André Nine', '5cc7XCY3YdVmFDYw9LklMq']]",Uau!,68,5jo4ocTfihMYTsq1Z4ze9h,0.849,0.572,1,-8.913,1,0.336,0.0342,0.0,0.0768,0.881,153.96,audio_features,5jo4ocTfihMYTsq1Z4ze9h,spotify:track:5jo4ocTfihMYTsq1Z4ze9h,https://api.spotify.com/v1/tracks/5jo4ocTfihMYTsq1Z4ze9h,https://api.spotify.com/v1/audio-analysis/5jo4ocTfihMYTsq1Z4ze9h,189351,4,RAPública
15,2021-03-13T15:01:00Z,Amor de Fim de Noite,1,"[['Orochi', '3rfM2cGqF6DB0kUyytMkXx'], ['Papatinho', '0iZz25uH5PLaShpqq84uYv']]",Amor de Fim de Noite,62,0nDnvGagGAQP5vpgCyS5yH,0.472,0.427,7,-9.693,0,0.0664,0.841,0.0,0.0839,0.692,139.532,audio_features,0nDnvGagGAQP5vpgCyS5yH,spotify:track:0nDnvGagGAQP5vpgCyS5yH,https://api.spotify.com/v1/tracks/0nDnvGagGAQP5vpgCyS5yH,https://api.spotify.com/v1/audio-analysis/0nDnvGagGAQP5vpgCyS5yH,221143,4,RAPública
16,2021-03-13T15:01:00Z,Ilusão,1,"[['Filipe Ret', '7gJN8W0589FisSYJS17K54']]",Ilusão,68,3QpkDyuXdjxhIyLyKtyC6O,0.596,0.607,5,-6.682,0,0.209,0.34,0.0,0.0808,0.446,129.252,audio_features,3QpkDyuXdjxhIyLyKtyC6O,spotify:track:3QpkDyuXdjxhIyLyKtyC6O,https://api.spotify.com/v1/tracks/3QpkDyuXdjxhIyLyKtyC6O,https://api.spotify.com/v1/audio-analysis/3QpkDyuXdjxhIyLyKtyC6O,217732,5,RAPública
17,2021-03-13T15:01:00Z,Abre a porta,1,"[['L7NNON', '0JjPiLQNgAFaEkwoy56B1C']]",Abre a porta,62,4ispiK8sx7pBgNlYjXunZm,0.635,0.533,1,-9.402,0,0.394,0.296,0.000107,0.0872,0.737,95.995,audio_features,4ispiK8sx7pBgNlYjXunZm,spotify:track:4ispiK8sx7pBgNlYjXunZm,https://api.spotify.com/v1/tracks/4ispiK8sx7pBgNlYjXunZm,https://api.spotify.com/v1/audio-analysis/4ispiK8sx7pBgNlYjXunZm,142500,4,RAPública
18,2021-03-13T15:01:00Z,Tão Real,15,"[['Rashid', '5WgRuO0mhM36NFoapzpWBH'], ['Lukinhas', '0vsOB7tW4ItHtdZBzKQZxp'], ['Emicida', '2d9LRvQJnAXRijqIJDDs2K']]",Pipa Voada (feat. Emicida),72,3oqC4Ta40ft6NnTJwcUTdi,0.758,0.732,5,-5.511,0,0.051,0.489,0.0,0.13,0.924,90.038,audio_features,3oqC4Ta40ft6NnTJwcUTdi,spotify:track:3oqC4Ta40ft6NnTJwcUTdi,https://api.spotify.com/v1/tracks/3oqC4Ta40ft6NnTJwcUTdi,https://api.spotify.com/v1/audio-analysis/3oqC4Ta40ft6NnTJwcUTdi,185333,4,RAPública
19,2021-03-13T15:01:00Z,Máquina do Tempo,7,"[['Matuê', '5nP8x4uEFjAAmDzwOEc9b8']]",Máquina do Tempo,74,5oI9blwsXC8AkTWw6wASY8,0.629,0.727,4,-4.387,0,0.0499,0.0647,0.0,0.138,0.132,149.978,audio_features,5oI9blwsXC8AkTWw6wASY8,spotify:track:5oI9blwsXC8AkTWw6wASY8,https://api.spotify.com/v1/tracks/5oI9blwsXC8AkTWw6wASY8,https://api.spotify.com/v1/audio-analysis/5oI9blwsXC8AkTWw6wASY8,230400,4,RAPública
20,2021-03-13T15:01:00Z,Estilo Coyote,1,"[['Salvador Da Rima', '3zUcyANWSbo98ikca4ugrV']]",Estilo Coyote,63,0S8wE0j00zo0giZ2PkWmUD,0.803,0.489,5,-8.437,0,0.437,0.437,0.0,0.0895,0.785,92.035,audio_features,0S8wE0j00zo0giZ2PkWmUD,spotify:track:0S8wE0j00zo0giZ2PkWmUD,https://api.spotify.com/v1/tracks/0S8wE0j00zo0giZ2PkWmUD,https://api.spotify.com/v1/audio-analysis/0S8wE0j00zo0giZ2PkWmUD,174212,4,RAPública
21,2021-03-13T15:01:00Z,BurleMarx,4,"[['Chinv', '6NTiankZRvz9miBAa9fLuS']]",Mantra,49,1aDiqoq9enIQrkGCGRV8zC,0.729,0.751,6,-4.312,1,0.142,0.183,0.0179,0.186,0.71,140.119,audio_features,1aDiqoq9enIQrkGCGRV8zC,spotify:track:1aDiqoq9enIQrkGCGRV8zC,https://api.spotify.com/v1/tracks/1aDiqoq9enIQrkGCGRV8zC,https://api.spotify.com/v1/audio-analysis/1aDiqoq9enIQrkGCGRV8zC,156009,4,RAPública
22,2021-03-13T15:01:00Z,Monstro Invisível,1,"[['Sabotage', '5deK5HnwbEKvge2svL0i0B'], ['MC Hariel', '0pcoadNMmvrUyab1RxWBoV'], ['DJ Kalfani', '02RSgo6GjUSDChRsq79jTg']]",Monstro Invisível,58,2ginfOlYya4ufBRgkWFmwE,0.765,0.684,10,-7.604,0,0.308,0.135,0.0,0.128,0.45,89.886,audio_features,2ginfOlYya4ufBRgkWFmwE,spotify:track:2ginfOlYya4ufBRgkWFmwE,https://api.spotify.com/v1/tracks/2ginfOlYya4ufBRgkWFmwE,https://api.spotify.com/v1/audio-analysis/2ginfOlYya4ufBRgkWFmwE,243333,4,RAPública
23,2021-03-13T15:01:00Z,Poesia Acústica #9: Melhor Forma,1,"[['Pineapple StormTv', '09U6hmCerKcIJrixubiBjm'], ['L7NNON', '0JjPiLQNgAFaEkwoy56B1C'], ['Chris MC', '0obu7Om4zu9ahul5DI4JtY'], ['Xamã', '5YwzDz4RJfTiMHS4tdR5Lf'], ['Lourena', '3jLj1sAQaEpLpktyJmyGIh'], ['César Mc', '19JY4BpaJkAlSR4iDxB1MX'], ['Djonga', '204IwDdaHE4ymGk9Kya2pY'], ['Filipe Ret', '7gJN8W0589FisSYJS17K54'], ['Salve Malak', '7zxFc10N9BP2lg73b8cwZ0']]",Poesia Acústica #9: Melhor Forma,75,2fmeSswdyVq4wcqhY41UHk,0.733,0.688,1,-5.458,0,0.0672,0.455,0.0,0.117,0.654,130.026,audio_features,2fmeSswdyVq4wcqhY41UHk,spotify:track:2fmeSswdyVq4wcqhY41UHk,https://api.spotify.com/v1/tracks/2fmeSswdyVq4wcqhY41UHk,https://api.spotify.com/v1/audio-analysis/2fmeSswdyVq4wcqhY41UHk,611077,4,RAPública
24,2021-03-13T15:01:00Z,Química,1,"[['MC Cabelinho', '1WQBwwssN6r8DSjUlkyUGW']]",Química,58,5RTtCd89bpX4lSRaYgKd8r,0.684,0.634,11,-8.024,0,0.432,0.444,0.0,0.104,0.767,91.283,audio_features,5RTtCd89bpX4lSRaYgKd8r,spotify:track:5RTtCd89bpX4lSRaYgKd8r,https://api.spotify.com/v1/tracks/5RTtCd89bpX4lSRaYgKd8r,https://api.spotify.com/v1/audio-analysis/5RTtCd89bpX4lSRaYgKd8r,153413,4,RAPública
25,2021-03-13T15:01:00Z,Fellini,1,"[['Criolo', '37ZflmHTdxkSLQuT8w9NBs']]",Fellini,53,7nYbKsvhM88mHCmFsAIQVp,0.805,0.746,1,-5.211,0,0.185,0.238,0.0,0.215,0.717,127.922,audio_features,7nYbKsvhM88mHCmFsAIQVp,spotify:track:7nYbKsvhM88mHCmFsAIQVp,https://api.spotify.com/v1/tracks/7nYbKsvhM88mHCmFsAIQVp,https://api.spotify.com/v1/audio-analysis/7nYbKsvhM88mHCmFsAIQVp,171989,4,RAPública
26,2021-03-13T15:01:00Z,Modo Trapaça,1,"[['Kawe', '1TYJOhNSxMOODWiDVhuyZb']]",Modo Trapaça,62,3OAOGZwWMzP24qefZmPYWR,0.856,0.72,8,-6.618,1,0.0464,0.191,7.3e-06,0.194,0.45,110.015,audio_features,3OAOGZwWMzP24qefZmPYWR,spotify:track:3OAOGZwWMzP24qefZmPYWR,https://api.spotify.com/v1/tracks/3OAOGZwWMzP24qefZmPYWR,https://api.spotify.com/v1/audio-analysis/3OAOGZwWMzP24qefZmPYWR,192000,4,RAPública
27,2021-03-13T15:01:00Z,Perfume,1,"[['Konai', '12YpLBd0FvDYA0c4nsaxFp'], ['kamaitachi', '1ISc8zhrqxd5WrJMkMMLSm'], ['Pineapple StormTv', '09U6hmCerKcIJrixubiBjm']]",Perfume,62,4ZREaPhlA5mqZMFTSQBfzw,0.558,0.247,2,-10.607,0,0.0545,0.888,0.0,0.188,0.669,85.445,audio_features,4ZREaPhlA5mqZMFTSQBfzw,spotify:track:4ZREaPhlA5mqZMFTSQBfzw,https://api.spotify.com/v1/tracks/4ZREaPhlA5mqZMFTSQBfzw,https://api.spotify.com/v1/audio-analysis/4ZREaPhlA5mqZMFTSQBfzw,204088,4,RAPública
28,2021-03-13T15:01:00Z,Acende o Isqueiro,1,"[['Orochi', '3rfM2cGqF6DB0kUyytMkXx'], ['Kizzy', '2NMYOlZHIEsSq7pp5jBjic']]",Acende o Isqueiro,65,1DdEU9f7uXklMx6Dm0Mdwq,0.48,0.565,8,-9.954,0,0.375,0.38,0.0,0.096,0.806,112.988,audio_features,1DdEU9f7uXklMx6Dm0Mdwq,spotify:track:1DdEU9f7uXklMx6Dm0Mdwq,https://api.spotify.com/v1/tracks/1DdEU9f7uXklMx6Dm0Mdwq,https://api.spotify.com/v1/audio-analysis/1DdEU9f7uXklMx6Dm0Mdwq,207529,5,RAPública
29,2021-03-13T15:01:00Z,GRIFF,5,"[['WC no Beat', '2QjS2N6sORI7H4qbf6xitS'], ['MC G15', '3Nipsl6GVwwGyeAk0J29C6'], ['Xamã', '5YwzDz4RJfTiMHS4tdR5Lf'], ['POCAH', '11iQCRz636WFdHj42qxAF6']]",ROLÉ NO RIO,51,1g5yPr4WMRcRcxi86Khs4M,0.7,0.826,4,-4.688,0,0.157,0.191,0.0,0.0978,0.333,138.039,audio_features,1g5yPr4WMRcRcxi86Khs4M,spotify:track:1g5yPr4WMRcRcxi86Khs4M,https://api.spotify.com/v1/tracks/1g5yPr4WMRcRcxi86Khs4M,https://api.spotify.com/v1/audio-analysis/1g5yPr4WMRcRcxi86Khs4M,203495,4,RAPública
30,2021-03-13T15:01:00Z,Berenice (Papasessions #6) [feat. CALIFFA],1,"[['L7NNON', '0JjPiLQNgAFaEkwoy56B1C'], ['Dfideliz', '0oNOkdVXXFaWC9tPb7Ol10'], ['BIN', '1WXbiUMl1AT9Inb619xPUg'], ['CALIFFA', '1PSbZri8ZpIcScw1WFMzjD']]",Berenice (Papasessions #6) [feat. CALIFFA],67,58TLpLev8A4GFCUizxpF7T,0.705,0.363,7,-10.788,0,0.362,0.725,0.0,0.092,0.862,160.144,audio_features,58TLpLev8A4GFCUizxpF7T,spotify:track:58TLpLev8A4GFCUizxpF7T,https://api.spotify.com/v1/tracks/58TLpLev8A4GFCUizxpF7T,https://api.spotify.com/v1/audio-analysis/58TLpLev8A4GFCUizxpF7T,301547,4,RAPública
31,2021-03-13T15:01:00Z,Bora Ser,1,"[['Pineapple StormTv', '09U6hmCerKcIJrixubiBjm'], ['Filipe Ret', '7gJN8W0589FisSYJS17K54'], ['Chris MC', '0obu7Om4zu9ahul5DI4JtY'], ['Xamã', '5YwzDz4RJfTiMHS4tdR5Lf'], ['2Nunaip', '4qeiAh3nfvR4odsDr3bISi']]",Bora Ser,55,4nJ8ZmUAGopgJ4getE1o4z,0.637,0.764,7,-5.763,1,0.0818,0.111,1.31e-06,0.0815,0.549,191.83,audio_features,4nJ8ZmUAGopgJ4getE1o4z,spotify:track:4nJ8ZmUAGopgJ4getE1o4z,https://api.spotify.com/v1/tracks/4nJ8ZmUAGopgJ4getE1o4z,https://api.spotify.com/v1/audio-analysis/4nJ8ZmUAGopgJ4getE1o4z,205000,4,RAPública
32,2021-03-13T15:01:00Z,Histórias da Minha Área,1,"[['Djonga', '204IwDdaHE4ymGk9Kya2pY'], ['Bia Nogueira', '337gunwEwXj6BjKbSo3Uo6']]",O Cara de Óculos (prod. Coyote Beatz),60,1chg0t03u3PDcYwABCYWKG,0.738,0.784,0,-4.787,1,0.135,0.00237,0.0,0.126,0.354,125.021,audio_features,1chg0t03u3PDcYwABCYWKG,spotify:track:1chg0t03u3PDcYwABCYWKG,https://api.spotify.com/v1/tracks/1chg0t03u3PDcYwABCYWKG,https://api.spotify.com/v1/audio-analysis/1chg0t03u3PDcYwABCYWKG,250016,4,RAPública
33,2021-03-13T15:01:00Z,Saturno,1,"[['BIN', '1WXbiUMl1AT9Inb619xPUg'], ['Mainstreet', '25XJqeReVV38w0tR04GGBd'], ['Ajaxx', '0y7B2G0jNMGWyQJsOoRMUt']]",Saturno,80,68cPbG7hJnwDW9nPX1uQcX,0.694,0.551,5,-5.929,1,0.0485,0.704,0.0,0.1,0.908,95.003,audio_features,68cPbG7hJnwDW9nPX1uQcX,spotify:track:68cPbG7hJnwDW9nPX1uQcX,https://api.spotify.com/v1/tracks/68cPbG7hJnwDW9nPX1uQcX,https://api.spotify.com/v1/audio-analysis/68cPbG7hJnwDW9nPX1uQcX,186947,4,RAPública
34,2021-03-13T15:01:00Z,O Iluminado,2,"[['Xamã', '5YwzDz4RJfTiMHS4tdR5Lf'], ['CMK', '6QmnOxsr8M6iD5Zqpb2src'], ['Orochi', '3rfM2cGqF6DB0kUyytMkXx']]",American Pie,59,1PZUD6jjtYsOUC9vDjdJHK,0.583,0.468,9,-8.794,0,0.339,0.334,0.0,0.1,0.322,130.002,audio_features,1PZUD6jjtYsOUC9vDjdJHK,spotify:track:1PZUD6jjtYsOUC9vDjdJHK,https://api.spotify.com/v1/tracks/1PZUD6jjtYsOUC9vDjdJHK,https://api.spotify.com/v1/audio-analysis/1PZUD6jjtYsOUC9vDjdJHK,179077,4,RAPública
35,2021-03-13T15:01:00Z,Vergonha pra Midia,1,"[['Salvador Da Rima', '3zUcyANWSbo98ikca4ugrV'], ['NOG', '1QAoT8rjnSPy5pXpu3yiHS'], ['Mc Kevin', '5pBMkZNIlbGTH3hrsQJqAa'], ['MC Ryan SP', '75i9GaW2MJUgt4BkdUnuUY'], ['Mc Lele JP', '1mV9h1AwhRXSjBFcYpajgY']]",Vergonha pra Midia,69,5JsxHA8NttHWThpTCToK1J,0.814,0.671,0,-6.813,1,0.297,0.219,0.0,0.0736,0.593,83.944,audio_features,5JsxHA8NttHWThpTCToK1J,spotify:track:5JsxHA8NttHWThpTCToK1J,https://api.spotify.com/v1/tracks/5JsxHA8NttHWThpTCToK1J,https://api.spotify.com/v1/audio-analysis/5JsxHA8NttHWThpTCToK1J,385357,4,RAPública
36,2021-03-13T15:01:00Z,Marília Mendonça,1,"[['BIN', '1WXbiUMl1AT9Inb619xPUg'], ['Mainstreet', '25XJqeReVV38w0tR04GGBd'], ['Mãolee', '72aE07MxpePfCELo4vGZcK']]",Marília Mendonça,67,1CBjYXLotHrkiykMbI7EaU,0.633,0.631,4,-6.847,0,0.296,0.3,0.0,0.1,0.512,139.755,audio_features,1CBjYXLotHrkiykMbI7EaU,spotify:track:1CBjYXLotHrkiykMbI7EaU,https://api.spotify.com/v1/tracks/1CBjYXLotHrkiykMbI7EaU,https://api.spotify.com/v1/audio-analysis/1CBjYXLotHrkiykMbI7EaU,113519,4,RAPública
37,2021-03-13T15:01:00Z,Merci £,2,"[['Sidoka', '7EyzyrMNgqiK8bMrbkOT9l']]",Qq cê tá insinuando,62,7ICkpwQdejZF5uo71TuYSP,0.816,0.55,3,-7.418,0,0.446,0.121,0.0,0.107,0.452,119.973,audio_features,7ICkpwQdejZF5uo71TuYSP,spotify:track:7ICkpwQdejZF5uo71TuYSP,https://api.spotify.com/v1/tracks/7ICkpwQdejZF5uo71TuYSP,https://api.spotify.com/v1/audio-analysis/7ICkpwQdejZF5uo71TuYSP,176200,4,RAPública
38,2021-03-13T15:01:00Z,O Líder em Movimento,1,"[['BK', '1YOVBTvznjiDvtAj4ExHeo']]",Movimento,56,1ZjeSBSlwwddWUTa982kBA,0.714,0.553,4,-7.77,0,0.0712,0.293,0.0,0.205,0.22,102.02,audio_features,1ZjeSBSlwwddWUTa982kBA,spotify:track:1ZjeSBSlwwddWUTa982kBA,https://api.spotify.com/v1/tracks/1ZjeSBSlwwddWUTa982kBA,https://api.spotify.com/v1/audio-analysis/1ZjeSBSlwwddWUTa982kBA,215152,4,RAPública
39,2021-03-13T15:01:00Z,Não Tem Bacanal na Quarentena,3,"[['Baco Exu do Blues', '78nr1pVnDR7qZH6QbVMYZf'], ['Muse Maya', '3aHNIgKMKMb0hmklcLXxkm']]",Ela É Gostosa Pra Caralho,60,2SkP3MIByz26LEAAQjauhl,0.662,0.48,10,-10.411,0,0.0474,0.168,0.0,0.109,0.187,114.959,audio_features,2SkP3MIByz26LEAAQjauhl,spotify:track:2SkP3MIByz26LEAAQjauhl,https://api.spotify.com/v1/tracks/2SkP3MIByz26LEAAQjauhl,https://api.spotify.com/v1/audio-analysis/2SkP3MIByz26LEAAQjauhl,183214,4,RAPública
40,2021-03-13T15:01:00Z,Favela Vive 4,1,"[['ADL', '6Ywb1no2hXLazjIs4LUiQD'], ['MC Cabelinho', '1WQBwwssN6r8DSjUlkyUGW'], ['Kmila Cdd', '5pTtdzoyljdOQnTLVULZvv'], ['Orochi', '3rfM2cGqF6DB0kUyytMkXx'], ['César Mc', '19JY4BpaJkAlSR4iDxB1MX'], ['Edi Rock', '2fYAyTS2erZgqEHKHYqgi2']]",Favela Vive 4,55,3gi7gH8JbG0QdBM4Suf3lr,0.498,0.498,8,-8.809,1,0.424,0.42,0.0,0.101,0.367,76.093,audio_features,3gi7gH8JbG0QdBM4Suf3lr,spotify:track:3gi7gH8JbG0QdBM4Suf3lr,https://api.spotify.com/v1/tracks/3gi7gH8JbG0QdBM4Suf3lr,https://api.spotify.com/v1/audio-analysis/3gi7gH8JbG0QdBM4Suf3lr,759036,1,RAPública
41,2021-03-13T15:01:00Z,Ainda,1,"[['MC Cabelinho', '1WQBwwssN6r8DSjUlkyUGW'], ['Dj Juninho da Espanha', '7v3YsPZy6l4QPJQ8RqnfZ4'], ['Portugal', '18r4iN6xnGmdJ5VPTEqOBB'], ['BK', '1YOVBTvznjiDvtAj4ExHeo']]",Reflexo,53,6TjdoPPor1t4gajeMNQMBE,0.929,0.738,7,-1.37,0,0.104,0.552,0.0,0.12,0.734,105.022,audio_features,6TjdoPPor1t4gajeMNQMBE,spotify:track:6TjdoPPor1t4gajeMNQMBE,https://api.spotify.com/v1/tracks/6TjdoPPor1t4gajeMNQMBE,https://api.spotify.com/v1/audio-analysis/6TjdoPPor1t4gajeMNQMBE,221653,4,RAPública
42,2021-03-13T15:01:00Z,Cigana,1,"[['Malibu', '0PMk31f9Log4ixwUUY40p6'], ['Delacruz', '1MzXJ8AaHdidMAnjgcahS4'], ['Clau', '13A9x5VINTOaVnYxK4rbNQ'], ['Luccas Carlos', '5WFFFHVqeVk5tLuYh2KjQy'], ['Keviin', '3IMEatbnQs6Sumu77hmtOr']]",Cigana,67,2GBwxkBpmhs9UoDxsBeP4a,0.676,0.538,11,-7.089,0,0.0462,0.374,0.0,0.111,0.549,145.959,audio_features,2GBwxkBpmhs9UoDxsBeP4a,spotify:track:2GBwxkBpmhs9UoDxsBeP4a,https://api.spotify.com/v1/tracks/2GBwxkBpmhs9UoDxsBeP4a,https://api.spotify.com/v1/audio-analysis/2GBwxkBpmhs9UoDxsBeP4a,265753,4,RAPública
43,2021-03-13T15:01:00Z,Marginais Acústico #1,1,"[['Pk', '5xYkM2vMrE23taj6tl7qkm'], ['Orochi', '3rfM2cGqF6DB0kUyytMkXx'], ['Felp 22', '56IPf5d631ccKOTmo8RFHK'], ['IGOR', '4zCVTLvRnKYmkVyCxfV2ny'], ['Marginal Supply', '1xezfhrRJTpRtYZPplWHcJ']]",Marginais Acústico #1,57,4atuUpMdGfq9JeRI6OQxM7,0.705,0.604,4,-8.979,0,0.231,0.568,0.0,0.0971,0.691,89.016,audio_features,4atuUpMdGfq9JeRI6OQxM7,spotify:track:4atuUpMdGfq9JeRI6OQxM7,https://api.spotify.com/v1/tracks/4atuUpMdGfq9JeRI6OQxM7,https://api.spotify.com/v1/audio-analysis/4atuUpMdGfq9JeRI6OQxM7,226731,4,RAPública
44,2021-03-13T15:01:00Z,Só Uma Noite,1,"[['Fabio Brazza', '0Ludmn78UAusTsNCXgICrN'], ['Péricles', '6gEzJZrbm0F4ihvE9iXR9z']]",Só Uma Noite,54,6UzHlvFqdBWe8DWJfSqgXf,0.795,0.599,9,-7.001,0,0.255,0.265,0.0,0.0914,0.618,83.489,audio_features,6UzHlvFqdBWe8DWJfSqgXf,spotify:track:6UzHlvFqdBWe8DWJfSqgXf,https://api.spotify.com/v1/tracks/6UzHlvFqdBWe8DWJfSqgXf,https://api.spotify.com/v1/audio-analysis/6UzHlvFqdBWe8DWJfSqgXf,230158,4,RAPública
45,2021-03-13T15:01:00Z,Acabou (Papasessions #5) [feat. CALIFFA],1,"[['Pk', '5xYkM2vMrE23taj6tl7qkm'], ['L7NNON', '0JjPiLQNgAFaEkwoy56B1C'], ['Xamã', '5YwzDz4RJfTiMHS4tdR5Lf'], ['CALIFFA', '1PSbZri8ZpIcScw1WFMzjD']]",Acabou (Papasessions #5) [feat. CALIFFA],59,7hKXUAgfmgtPvA3ARl5jCw,0.663,0.422,7,-8.706,0,0.112,0.697,0.0,0.128,0.604,123.237,audio_features,7hKXUAgfmgtPvA3ARl5jCw,spotify:track:7hKXUAgfmgtPvA3ARl5jCw,https://api.spotify.com/v1/tracks/7hKXUAgfmgtPvA3ARl5jCw,https://api.spotify.com/v1/audio-analysis/7hKXUAgfmgtPvA3ARl5jCw,259260,4,RAPública
46,2021-03-13T15:01:00Z,The Cypher Deffect 2,1,"[['Costa Gold', '7q1aEytv83jXNECmyaMhgn'], ['Kant', '5RHWqLCNmcKFDME3G7sxiJ'], ['Spinardi', '5rohxv1cRfQwpG8W9uxSle'], ['Chayco', '0titiXdcUTRXpX2CFeShdk']]",The Cypher Deffect 2,60,6GYrNXsWoprEndJCoKLfAB,0.781,0.76,2,-4.786,1,0.384,0.084,0.0,0.0877,0.819,94.887,audio_features,6GYrNXsWoprEndJCoKLfAB,spotify:track:6GYrNXsWoprEndJCoKLfAB,https://api.spotify.com/v1/tracks/6GYrNXsWoprEndJCoKLfAB,https://api.spotify.com/v1/audio-analysis/6GYrNXsWoprEndJCoKLfAB,335907,4,RAPública
47,2021-03-13T15:01:00Z,Você Não Ama Ninguém 2,1,"[['Pineapple StormTv', '09U6hmCerKcIJrixubiBjm'], ['César Mc', '19JY4BpaJkAlSR4iDxB1MX'], ['Chris MC', '0obu7Om4zu9ahul5DI4JtY'], ['Luccas Carlos', '5WFFFHVqeVk5tLuYh2KjQy'], ['Xamã', '5YwzDz4RJfTiMHS4tdR5Lf']]",Você Não Ama Ninguém 2,60,1luax01sYxCLiM5uVk0oBj,0.655,0.769,0,-4.026,0,0.0708,0.276,0.0,0.126,0.363,135.992,audio_features,1luax01sYxCLiM5uVk0oBj,spotify:track:1luax01sYxCLiM5uVk0oBj,https://api.spotify.com/v1/tracks/1luax01sYxCLiM5uVk0oBj,https://api.spotify.com/v1/audio-analysis/1luax01sYxCLiM5uVk0oBj,300000,4,RAPública
48,2021-03-13T15:01:00Z,Não Me Sinto Mal Mais,1,"[['Sidoka', '7EyzyrMNgqiK8bMrbkOT9l']]",Não Me Sinto Mal Mais,67,563yuGweEqRVQtjfsDVRyK,0.814,0.665,9,-7.87,1,0.173,0.351,0.00172,0.108,0.326,126.027,audio_features,563yuGweEqRVQtjfsDVRyK,spotify:track:563yuGweEqRVQtjfsDVRyK,https://api.spotify.com/v1/tracks/563yuGweEqRVQtjfsDVRyK,https://api.spotify.com/v1/audio-analysis/563yuGweEqRVQtjfsDVRyK,265356,4,RAPública
49,2021-03-13T15:01:00Z,Kyoto,1,"[['Froid', '45Yz90pqjzEdJzpEQg1eII'], ['Alaska', '1D8yVlgOfpn6lW5UfwOMj7']]",Kyoto,59,32XOaqmQqFWggQzrwGSuRn,0.642,0.514,1,-8.357,0,0.27,0.626,0.0,0.129,0.675,170.975,audio_features,32XOaqmQqFWggQzrwGSuRn,spotify:track:32XOaqmQqFWggQzrwGSuRn,https://api.spotify.com/v1/tracks/32XOaqmQqFWggQzrwGSuRn,https://api.spotify.com/v1/audio-analysis/32XOaqmQqFWggQzrwGSuRn,186709,4,RAPública
50,2021-03-13T15:01:00Z,Mantém,1,"[['WIU', '3MrDVzg7ZXaYMyQmbDInr7'], ['Matuê', '5nP8x4uEFjAAmDzwOEc9b8']]",Mantém,65,17rF54WvGGqPVxDheq8PP8,0.754,0.765,10,-5.354,0,0.0777,0.38,0.0,0.113,0.53,129.983,audio_features,17rF54WvGGqPVxDheq8PP8,spotify:track:17rF54WvGGqPVxDheq8PP8,https://api.spotify.com/v1/tracks/17rF54WvGGqPVxDheq8PP8,https://api.spotify.com/v1/audio-analysis/17rF54WvGGqPVxDheq8PP8,195692,4,RAPública
51,2021-03-13T15:01:00Z,Mitsubishi,1,"[['Orochi', '3rfM2cGqF6DB0kUyytMkXx'], ['Kizzy', '2NMYOlZHIEsSq7pp5jBjic']]",Mitsubishi,63,3bcduSxypEUxlM5UawQ3kD,0.751,0.57,11,-7.017,0,0.209,0.126,0.0,0.101,0.705,110.021,audio_features,3bcduSxypEUxlM5UawQ3kD,spotify:track:3bcduSxypEUxlM5UawQ3kD,https://api.spotify.com/v1/tracks/3bcduSxypEUxlM5UawQ3kD,https://api.spotify.com/v1/audio-analysis/3bcduSxypEUxlM5UawQ3kD,182182,4,RAPública
52,2021-03-13T15:01:00Z,Jordan,1,"[['Kawe', '1TYJOhNSxMOODWiDVhuyZb'], ['JayA Luuck', '4oxFgud0qa3A1tE6JFpFVp']]",Jordan,65,61DpiQz5Jli2KNwJZn6s4r,0.749,0.631,2,-6.669,1,0.21,0.303,0.0,0.196,0.27,129.953,audio_features,61DpiQz5Jli2KNwJZn6s4r,spotify:track:61DpiQz5Jli2KNwJZn6s4r,https://api.spotify.com/v1/tracks/61DpiQz5Jli2KNwJZn6s4r,https://api.spotify.com/v1/audio-analysis/61DpiQz5Jli2KNwJZn6s4r,190154,4,RAPública
53,2021-03-13T15:01:00Z,Hip Hop Rare,1,"[['L7NNON', '0JjPiLQNgAFaEkwoy56B1C']]",Hip Hop Rare,54,1a2H78ZsONNYxfv9EuODnR,0.589,0.805,7,-5.795,1,0.341,0.242,0.0,0.113,0.767,141.814,audio_features,1a2H78ZsONNYxfv9EuODnR,spotify:track:1a2H78ZsONNYxfv9EuODnR,https://api.spotify.com/v1/tracks/1a2H78ZsONNYxfv9EuODnR,https://api.spotify.com/v1/audio-analysis/1a2H78ZsONNYxfv9EuODnR,123803,4,RAPública
54,2021-03-13T15:01:00Z,Sonho das Esquinas,1,"[['BK', '1YOVBTvznjiDvtAj4ExHeo'], ['Filipe Ret', '7gJN8W0589FisSYJS17K54'], ['Portugal No Beat', '71LRKKvAjoc6LyNmob269Q']]",Sonho das Esquinas,52,4GvOLMwaQBdFyK9UyJNJok,0.492,0.694,11,-8.2,1,0.533,0.12,0.0,0.29,0.446,150.258,audio_features,4GvOLMwaQBdFyK9UyJNJok,spotify:track:4GvOLMwaQBdFyK9UyJNJok,https://api.spotify.com/v1/tracks/4GvOLMwaQBdFyK9UyJNJok,https://api.spotify.com/v1/audio-analysis/4GvOLMwaQBdFyK9UyJNJok,287400,4,RAPública
55,2021-03-13T15:01:00Z,Ak do Flamengo,1,"[['Borges', '6jBww4kwlSrjaNYP7AQPtX'], ['Flacko', '6r1OIJXsdVTkhH6ueDzOew'], ['BlakkClout', '4pZ2z5NE2z1vvdRqf7q0Gq']]",Ak do Flamengo,64,0LZkDuucd7c8eAaj9S4RJR,0.895,0.392,11,-13.201,1,0.43,0.553,0.0,0.121,0.683,123.942,audio_features,0LZkDuucd7c8eAaj9S4RJR,spotify:track:0LZkDuucd7c8eAaj9S4RJR,https://api.spotify.com/v1/tracks/0LZkDuucd7c8eAaj9S4RJR,https://api.spotify.com/v1/audio-analysis/0LZkDuucd7c8eAaj9S4RJR,141764,4,RAPública
56,2021-03-13T15:01:00Z,Malvadão 2,1,"[['Xamã', '5YwzDz4RJfTiMHS4tdR5Lf'], ['Jailhouse', '6QuV7w29AgBJFHxKVzRyJY'], ['Neo Beats', '6PERJZF7wohA034PAxDK0b']]",Malvadão 2,55,1f9lD5VdRIGdSihiIwOFSx,0.881,0.595,11,-9.781,1,0.0714,0.282,0.000117,0.112,0.911,130.019,audio_features,1f9lD5VdRIGdSihiIwOFSx,spotify:track:1f9lD5VdRIGdSihiIwOFSx,https://api.spotify.com/v1/tracks/1f9lD5VdRIGdSihiIwOFSx,https://api.spotify.com/v1/audio-analysis/1f9lD5VdRIGdSihiIwOFSx,149113,4,RAPública
57,2021-03-13T15:01:00Z,Infinito Interno,5,"[['3030', '3OHpci0ruhvaMv9F795LR5']]",Alma de Cigana,64,5bm3eNPRGw03HdazdZOiMK,0.572,0.412,7,-9.588,0,0.0483,0.403,0.0,0.636,0.376,86.505,audio_features,5bm3eNPRGw03HdazdZOiMK,spotify:track:5bm3eNPRGw03HdazdZOiMK,https://api.spotify.com/v1/tracks/5bm3eNPRGw03HdazdZOiMK,https://api.spotify.com/v1/audio-analysis/5bm3eNPRGw03HdazdZOiMK,131300,4,RAPública
58,2021-03-13T15:01:00Z,Gangorra,1,"[['Haikaiss', '53iGNetIf91uZx4Jb54cgb']]",Gangorra,50,32z2XMNAqSNOB9lAxctyce,0.772,0.813,8,-3.66,1,0.236,0.0542,1.47e-06,0.181,0.684,90.061,audio_features,32z2XMNAqSNOB9lAxctyce,spotify:track:32z2XMNAqSNOB9lAxctyce,https://api.spotify.com/v1/tracks/32z2XMNAqSNOB9lAxctyce,https://api.spotify.com/v1/audio-analysis/32z2XMNAqSNOB9lAxctyce,227222,4,RAPública
59,2021-03-13T15:01:00Z,Não Volto,1,"[['Felp 22', '56IPf5d631ccKOTmo8RFHK'], ['MC Cabelinho', '1WQBwwssN6r8DSjUlkyUGW'], ['Marginal Supply', '1xezfhrRJTpRtYZPplWHcJ']]",Não Volto,54,0coMyavxt9GBli4voSWNgs,0.543,0.595,0,-7.951,1,0.41,0.495,0.0,0.124,0.408,88.496,audio_features,0coMyavxt9GBli4voSWNgs,spotify:track:0coMyavxt9GBli4voSWNgs,https://api.spotify.com/v1/tracks/0coMyavxt9GBli4voSWNgs,https://api.spotify.com/v1/audio-analysis/0coMyavxt9GBli4voSWNgs,170667,4,RAPública
